{
    "program_title" : "IBM Digital Experience File Sync v%s",
    "program_help_1" : "Denne funktion synkroniserer WebDAV-ressourcer for et IBM WebSphere Portal-tema med et lokalt bibliotek.",
    "program_help_2" : "Det giver en temadesigner mulighed for nemt at arbejde lokalt med filer med sin foretrukne editor.",
    "program_help_3" : "Filerne uploades automatisk til den eksterne server, når de bliver opdateret lokalt.",
    "program_help_4" : "Der er flere oplysninger i vedhæftede fil ved navn readme.txt.\n",
    "program_help_5" : "Kommandohjælp:\ndxsync.sh <parametre> <command>\n",
    "program_help_6" : "Tilgængelige kommandoer:",
    "program_help_7" : "init\n    Initialiserer et tema i det aktuelle lokale bibliotek",
    "program_help_8" : "run\n     Kører en tovejssynkronisering og holder processen aktiv i baggrunden for at kunne registrere filændringer",
    "program_help_9" : "pull\n    Starter en envejssynkronisering for at downloade alle opdaterede filer fra det eksterne system",
    "program_help_10" : "push\n    Starter en envejssynkronisering for at uploade alle opdaterede filer til det eksterne system og overskrive eksterne ændringer\n",
    "program_help_11" : "Tilgængelige parametre:",
    "program_help_12" : "--debug\n    Aktiverer fejlfindingstilstand med standardværdier (niveau: finer, alle metoder og filer)",
    "program_help_13" : "--debug-finest\n    Definerer sporingsniveau til finest\n",
    "log_file_location" : "Logfilen skrives i %s/.dxsync.log",
    "log_file_location2" : "Logfilen findes her: %s",
    "sigint" : "Afbryder proces. Farvel.",
    "uncaught_exception" : "Uregistreret undtagelse",
    "unrecognized_command" : "Ukendt kommando: %s",
    "unrecognized_option" : "Ukendt parameter: %s",
    "too_many_commands" : "For mange kommandoer: %s",
    "setup_1" : "Brug denne kommando til at oprette et nyt temasynkroniseringspunkt i",
    "setup_2" : "det aktuelle bibliotek '%s'.\n",
    "setup_3" : "Følg vejledningen for at oprette forbindelse til det eksterne IBM WebSphere Portal-forekomst.",
    "setup_connecting" : "Opretter forbindelse til den eksterne server...",
    "setup_themes_found" : "Der er fundet følgende temaer. Vælg, hvilket du vil bruge oprette forbindelse til:",
    "setup_theme_desc" : "Indtast et tal mellem 1 og %d",
    "list_themes" : "Henter temaer fra %s",
    "list_themes_none" : "Der er ingen temaer på målserveren.",
    "setup_abort" : "Afbryder initialisering.",
    "setup_success1" : "Konfiguration af temasynkronisering udført.",
    "setup_success2" : "Du er klar til at udføre synkroniseringen med kommandoen 'run'.",
    "print_config" : "Konfiguration:",
    "error_loading_config" : "Kan ikke indlæse dxsync-indstillinger i dette bibliotek. Kør først 'dxsync.sh init'.",
    "error_host" : "Kan ikke oprette forbindelse til vært.",
    "error_refused" : "Forbindelse afvist.",
    "error_not_found" : "Det ønskede element findes ikke.",
    "error_unauthorized" : "Uautoriseret. Forkert brugernavn eller kodeord.",

    "config_section_basic" : "Grundlæggende",
    "config_section_advanced" : "Udvidet",
    "config_host_desc" : "Værtsnavn",
    "config_user_desc" : "Brugernavn",
    "config_pass_desc" : "Kodeord",
    "config_contenthandler_desc" : "Sti til miniserver for indholdsbehandler",
    "config_port_desc" : "Port",
    "config_theme_desc" : "Tema",
    "config_syncinterval_desc" : "Interval i minutter for baggrundssynkroniseringen",
    "config_connections_desc" : "Antal samtidige eksterne forbindelser",
    "config_filter_desc" : "Regulært udtryk til ignorering af filer",

    "webdav_request_canceled" : "WebDAV-anmodning afbrudt pga. annullering.",
    "webdav_retry_success" : "Det tidligere fundne problem for '%s' er løst efter %s forsøg.",
    "webdav_invalid_url" : "Ugyldig URL (%s) - kan ikke finde skema",

    "watcher_restart" : "Genstart temasynkronisering (rename-kommando ikke udført for %s)",
    "watcher_restart2" : "Genstart temasynkronisering (kan ikke finde behandler i sti #1 ? %s)",
    "watcher_restart3" : "Genstart temasynkronisering (kan ikke finde behandler i sti #2 ? %s)",
    "watcher_stateexception" : "UnknownStateException:\npath: %s\nwatchedPath: %\nstartDir: %s",
    "watcher_windows_1" : "Sletning af biblioteker understøttet ikke under overvågning af filer pga. platformsbegrænsninger i Windows (håndtering af åbne filhåndtag).",
    "watcher_windows_2" : "Hvis du vil slette en folder under overvågning, skal du bruge et andet styresystem, f.eks. OSX eller Linux. Windows: stop overvågning, slet folderen, og genstart processen.\n",
    "watcher_unable_1" : "Kan ikke overvåge filer pga. manglende pathwatcher-modul. Installér modulet fra kilden uden flaget --no-optional.",
    "watcher_unable_2" : "Send feedback til forfatteren af dette modul vedr. de manglende prækompilerede afhængigheder.",
    "watcher_unable_3" : "Dine systemoplysninger: %s (platform) / %s (arkitektur)\n",
    "watcher_win_toomany_folders" : "Kan ikke overvåge biblioteket '%s' pga. en uløst fejl i en komponent, som er en forudsætning.\nDer er flere oplysninger i https://github.com/atom/node-pathwatcher/issues/70.",
    "watcher_win_toomany_folders_start" : "Kan ikke overvåge følgende biblioteker pga. en uløst fejl i en komponent, som er en forudsætning.\nDer er flere oplysninger i https://github.com/atom/node-pathwatcher/issues/70.",
    "watcher_forcewatch_info" : "Hvis du ønsker at overvåge nogen af de ovenstående biblioteker fremfor andre, kan du bruge indstillingen 'forceWatch'. Tilføj forceWatch-elementet til indstillingsfilen i %s. Værdien er en streng af biblioteker, hvor overvågning skal gennemtvinges. Eksempel: \"forceWatch\": [\"/example/directory\"]",

    "sync_idle" : "Inaktiv...",
    "sync_background_start" : "Starter næste synkronisering om %d minutter...",
    "sync_background_disabled" : "Synkronisering i baggrunden deaktiveret.",
    "sync_invalid_mode" : "Ugyldig tilstandsvariabel overført.",
    "sync_2way_phase_1" : "Startet tovejssynkronisering... Fase 1...",
    "sync_2way_notification" : "Tovejssynkronisering startet",
    "sync_push_phase_1" : "Uploader opdaterede filer... Fase 1...",
    "sync_push_notification" : "Uploader opdaterede filer",
    "sync_pull_phase_1" : "Downloader opdaterede filer... Fase 1...",
    "sync_pull_notification" : "Downloader opdaterede filer",
    "sync_notification_subtitle" : "Vent, før du foretager flere opdateringer.",
    "sync_phase2" : "Fase 2...",
    "sync_complete" : "Synkronisering udført.",
    "sync_complete_subtitle" : "Det er nu sikkert at foretage filændringer igen.",
    "sync_complete_subtitle2" : "\nOvervåger filer for ændringer...",
    "sync_notification_generic_error" : "Fejl %s under forsøg på at %s [%s]",
    "sync_notification_multiple_error" : "Flere fejl %s under forsøg på at %s [%s]",
    "sync_error_command_create" : "oprette",
    "sync_error_command_delete" : "slette",
    "sync_error_command_update" : "opdatere",
    "sync_error_command_move" : "flytte",
    "sync_notification_sync_complete" : "Synkronisering udført [%s]",
    "sync_notification_upload_complete" : "Uploadning udført [%s]",
    "sync_notification_upload_error" : "Fejl %s under uploadning [%s]",
    "sync_notification_download_complete" : "Downloadning udført [%s]",
    "sync_notification_delete_complete" : "Sletning udført [%s]",
    "sync_notification_deletelocal_complete" : "Lokal fil slettet [%s]",
    "sync_notification_merge_complete" : "Flettekonflikt løst [%s]",
    "sync_notification_no_update" : "Ingen opdatering nødvendig [%s]",
    "sync_notification_merge_conflict" : "Flettekonflikt [%s]",
    "sync_notification_rename_complete" : "Omdøbning udført",
    "sync_notification_rename_data_complete" : "Omdøbning udført: %s => %s",
    "sync_notification_move_complete" : "Flytning udført",
    "sync_notification_move_data_complete" : "Flytning udført: %s => %s",
    "sync_dir_created" : "Oprettelse af bibliotek udført: %s",
    "sync_upload_skip" : "Springer uploadning af fil over pga. en uløst flettekonflikt: %s",
    "sync_upload_start" : "Uploader fil: %s",
    "sync_upload_complete" : "Uploadning af fil udført: %s",
    "sync_delete_dir_skip" : "Springer sletning af eksternt bibliotek over pga. en uløst flettekonflikt: %s",
    "sync_delete_file_skip" : "Springer sletning af ekstern fil over pga. en uløst flettekonflikt: %s",
    "sync_delete_dir_complete" : "Sletning af bibliotek udført: %s",
    "sync_delete_file_complete" : "Sletning af fil udført: %s",
    "sync_delete_localfile_cancel" : "Sletning af lokal fil afbrudt pga. annullering.",
    "sync_delete_localfile_skip" : "Springer sletning af lokal fil over pga. en uløst flettekonflikt: %s",
    "sync_write_cancel" : "Skrivning af lokal fil afbrudt pga. annullering.",
    "sync_download_complete" : "Downloadning af fil udført: %s",
    "sync_resolve_cancel" : "Løsning af konflikt afbrudt pga. annullering.",
    "sync_resolve_complete" : "Flettekonflikt løst for %s",
    "sync_resolve_unknown_action" : "Ukendt handling: %s",
    "sync_sync_upload_skip" : "Springer uploadning af filen %s over",
    "sync_sync_delete_skip" : "Springer sletning af filen %s over",
    "sync_sync_download_skip" : "Springer downloadning af filen %s over",
    "sync_merge_help_1" : "Flet filerne for at løse konflikten. Omdøb '%s' til '%s' efter fletningen.",
    "sync_merge_help_2" : "Det vil medføre, at systemet løser konflikten og uploader den afklarede fil.",
    "sync_merge_help_deleted_remotely_1" : "Du har to muligheder for at løse konflikten:",
    "sync_merge_help_deleted_remotely_2" : "1) Løs via sletning - sletter også filen lokalt.",
    "sync_merge_help_deleted_remotely_3" : "   Det kan opnås ved at omdøbe '%s' til '%s'.",
    "sync_merge_help_deleted_remotely_4" : "2) Løs med ekstern - download den eksterne fil.",
    "sync_merge_help_deleted_remotely_5" : "   Det kan opnås ved at omdøbe '%s' til '%s'.",
    "sync_merge_help_deleted_remotely_6" : "Det vil medføre, at systemet løser konflikten.",
    "sync_merge_help_deleted_locally_1" : "Du har to muligheder for at løse konflikten:",
    "sync_merge_help_deleted_locally_2" : "1) Løs via sletning - sletter også filen lokalt.",
    "sync_merge_help_deleted_locally_3" : "   Det kan opnås ved at omdøbe '%s' til '%s'.",
    "sync_merge_help_deleted_locally_4" : "2) Løs med ekstern - download den eksterne fil.",
    "sync_merge_help_deleted_locally_5" : "   Det kan opnås ved at omdøbe '%s' til '%s'.",
    "sync_merge_help_deleted_locally_6" : "Det vil medføre, at systemet løser konflikten.",
    "sync_conflict_local_deleted_1" : "Manuel indgriben påkrævet for %s",
    "sync_conflict_local_deleted_2" : "Filen blev slettet lokalt og opdateret på den eksterne server. Kan ikke afgøre, om den opdaterede eksterne fil skal downloades eller slettes.",
    "sync_conflict_local_deleted_3" : "Downloader filen som %s",
    "sync_conflict_remote_deleted_1" : "Manuel indgriben påkrævet for %s",
    "sync_conflict_remote_deleted_2" : "Filen blev slettet eksternt og opdateret lokalt. Kan ikke afgøre, om den opdaterede fil skal uploades eller slettes.",
    "sync_conflict_both_1" : "Manuel fletning påkrævet for %s",
    "sync_conflict_both_2" : "Filen blev opdateret lokalt og på den eksterne server.",
    "sync_conflict_both_3" : "Downloader filen som %s",
    "sync_conflict_outstanding" : "Udestående flettekonflikt for %s",
    "sync_event_add_dir" : "Oprettelse af genkendt bibliotek: %s",
    "sync_event_add_file" : "Oprettelse af genkendt fil: %s",
    "sync_event_delete_dir" : "Fjernelse af genkendt bibliotek: %s",
    "sync_event_delete_file" : "Fjernelse af genkendt fil: %s",
    "sync_event_rename_dir" : "Omdøbning/flytning af genkendt bibliotek: %s",
    "sync_event_rename_file" : "Omdøbning/flytning af genkendt fil: %s",
    "sync_event_change_file" : "Ændring af genkendt fil: %s",
    "sync_rename_skip" : "Springer omdøbning af lokal fil over pga. en uløst flettekonflikt: %s",
    "sync_start_watching" : "Overvåger filer i '%s' for ændringer...",

    "sync_report" : "Synkroniseringsrapport:\nTotal      : %d\nUploadet   : %d\nDownloadet : %d\nSlettet    : %d / %d (Lokal/Ekstern)\nKonflikter : %d / %d (løst)\nIngen handling : %d\nFejl     : %d\n",
    "sync_error_happened" : "Der opstod fejl under synkroniseringen."

}

