{
    "program_title" : "IBM Digital Experience File Sync v%s",
    "program_help_1" : "Verktyget synkroniserar WebDAV-resurser för ett IBM WebSphere Portal-tema med en lokal katalog.",
    "program_help_2" : "Det gör det lätt för en temautvecklare att arbeta med dessa filer i sin egen favoritredigerare.",
    "program_help_3" : "Filer överförs automatiskt till fjärrservern när de uppdateras lokalt.",
    "program_help_4" : "Mer information finns i bifogad readme.txt\n",
    "program_help_5" : "Kommandohjälp:\ndxsync.sh <alternativ> <command>\n",
    "program_help_6" : "Tillgängliga kommandon:",
    "program_help_7" : "init\n    Initierar ett tema i den aktuella lokala katalogen",
    "program_help_8" : "run\n    Kör en dubbelriktad synkronisering och håller processen aktiv i bakgrunden för att bevaka filändringar",
    "program_help_9" : "pull\n    Utlöser en enkelriktad synkronisering som hämtar alla uppdaterade filer från fjärrsystemet",
    "program_help_10" : "push\n    Utlöser en enkelriktad synkronisering som överför alla uppdaterade filer (skriver över fjärrändringar) i fjärrsystemet\n",
    "program_help_11" : "Tillgängliga alternativ:",
    "program_help_12" : "--debug\n    Aktiverar felsökningsläge med standardvärden (nivå: finare, alla metoder och filer)",
    "program_help_13" : "--debug-finest\n    Ställer in spårningsnivån på finast\n",
    "log_file_location" : "Loggfilen skrivs till %s/.dxsync.log",
    "log_file_location2" : "Loggfilen finns här: %s",
    "sigint" : "Avbryter process. Hej då!",
    "uncaught_exception" : "Oupptäckt undantag",
    "unrecognized_command" : "Okänt kommando: %s",
    "unrecognized_option" : "Okänt alternativ: %s",
    "too_many_commands" : "För många kommandon: %s",
    "setup_1" : "Med det här kommandot skapar du en ny temasynkroniseringspunkt i",
    "setup_2" : "den aktuella katalogen %s.\n",
    "setup_3" : "Anslut till IBM WebSphere Portal-förekomsten genom att följa meddelandena.",
    "setup_connecting" : "Ansluter till fjärrservern...",
    "setup_themes_found" : "Följande teman hittades. Välj vilket tema du vill ansluta till:",
    "setup_theme_desc" : "Ange ett tal mellan 1 och %d",
    "list_themes" : "Hämtar teman från %s",
    "list_themes_none" : "Inga teman hittades på målservern.",
    "setup_abort" : "Avbryter initieringen.",
    "setup_success1" : "Temasynkronisering har konfigurerats.",
    "setup_success2" : "Du är redo att utföra synkroniseringen med kommandot run.",
    "print_config" : "Konfiguration:",
    "error_loading_config" : "Det går inte att läsa in dxsync-inställningar i den här katalogen. Kör dxsync.sh init först.",
    "error_host" : "Det går inte att ansluta till värd.",
    "error_refused" : "Anslutning avvisades.",
    "error_not_found" : "Begärt objekt hittades inte.",
    "error_unauthorized" : "Behörighet saknas. Användarnamn eller lösenord är inte korrekt.",

    "config_section_basic" : "Bas",
    "config_section_advanced" : "Avancerat",
    "config_host_desc" : "Värdnamn",
    "config_user_desc" : "Användarnamn",
    "config_pass_desc" : "Lösenord",
    "config_contenthandler_desc" : "Sökväg till innehållshanterarservlet",
    "config_port_desc" : "Port",
    "config_theme_desc" : "Tema",
    "config_syncinterval_desc" : "Intervall i minuter för bakgrundssynkronisering",
    "config_connections_desc" : "Antal samtidiga fjärranslutningar",
    "config_filter_desc" : "Reguljärt uttryck för att ignorera filer",

    "webdav_request_canceled" : "WebDAV-begäran avbröts på grund av avbrottsbegäran.",
    "webdav_retry_success" : "Löst problem som hittats tidigare för %s efter att ha försökt %s gånger.",
    "webdav_invalid_url" : "Ogiltig URL (%s) - det går inte att hitta schema",

    "watcher_restart" : "Starta om Theme Sync! (kommando för namnbyte misslyckades för %s)",
    "watcher_restart2" : "Starta om Theme Sync! (det gick inte att hitta hanteraren med sökvägen #1 ? %s)",
    "watcher_restart3" : "Starta om Theme Sync! (det gick inte att hitta hanteraren med sökvägen #2 ? %s)",
    "watcher_stateexception" : "UnknownStateException:\nsökväg: %s\nwatchedPath: %\nstartDir: %s",
    "watcher_windows_1" : "På grund av plattformsbegränsningar i Windows (öppen filreferenshantering) går det inte att ta bort kataloger medan filer bevakas. ",
    "watcher_windows_2" : "För att ta bort en mapp under bevakning måste ett annat operativsystem användas, t.ex. OSX eller Linux. I Windows stoppar du filbevakningen, tar bort mappen och startar om processen. \n",
    "watcher_unable_1" : "Det går inte att bevaka filer på grund av en saknad pathwatcher-modul. Installera modulen från källan utan flaggan --no-optional.",
    "watcher_unable_2" : "Ge modulförfattaren feedback om de saknade förkompilerade beroendena.",
    "watcher_unable_3" : "Din systeminformation: %s (plattform) / %s (arkitektur)\n",
    "watcher_win_toomany_folders" : "Det går inte att bevaka katalogen %s på grund av ett olöst fel i en komponent som är en förutsättning.\nMer information finns i  https://github.com/atom/node-pathwatcher/issues/70.",
    "watcher_win_toomany_folders_start" : "Det går inte att bevaka kataloger på grund av ett olöst fel i en komponent som är en förutsättning.\nMer information finns i https://github.com/atom/node-pathwatcher/issues/70.",
    "watcher_forcewatch_info" : "Om du behöver bevaka någon av ovanstående kataloger för någon annans räkning, kan du använda inställningen forceWatch. Lägg helt enkelt till forceWatch-elementet till inställningsfilen som finns i %s. Värdet är en katalogmatris för att tvinga bevakning. Exempel: \"forceWatch\": [\"/example/directory\"]",

    "sync_idle" : "Overksam...",
    "sync_background_start" : "Nästa synkronisering startas om %d minuter...",
    "sync_background_disabled" : "Bakgrundssynkronisering avaktiverad.",
    "sync_invalid_mode" : "Ogiltig lägesvariabel överfördes.",
    "sync_2way_phase_1" : "Dubbelriktad synkronisering startad... Fas 1...",
    "sync_2way_notification" : "Dubbelriktad synkronisering startad",
    "sync_push_phase_1" : "Överför uppdaterade filer... Fas 1...",
    "sync_push_notification" : "Överför uppdaterade filer",
    "sync_pull_phase_1" : "Hämtar uppdaterade filer... Fas 1...",
    "sync_pull_notification" : "Hämtar uppdaterade filer",
    "sync_notification_subtitle" : "Vänta innan fler uppdateringar görs.",
    "sync_phase2" : "Fas 2...",
    "sync_complete" : "Synkronisering klar.",
    "sync_complete_subtitle" : "Det är säkert att göra filändringar igen.",
    "sync_complete_subtitle2" : "\nBevakar om filer ändras...",
    "sync_notification_generic_error" : "Fel %s vid försök att %s [%s]",
    "sync_notification_multiple_error" : "Flera fel %s vid försök att %s [%s]",
    "sync_error_command_create" : "skapa",
    "sync_error_command_delete" : "ta bort",
    "sync_error_command_update" : "uppdatera",
    "sync_error_command_move" : "flytta",
    "sync_notification_sync_complete" : "Synkronisering klar [%s]",
    "sync_notification_upload_complete" : "Överföring klar [%s]",
    "sync_notification_upload_error" : "Fel %s vid överföring [%s]",
    "sync_notification_download_complete" : "Hämtning klar [%s]",
    "sync_notification_delete_complete" : "Borttagning klar [%s]",
    "sync_notification_deletelocal_complete" : "Borttagen lokal fil [%s]",
    "sync_notification_merge_complete" : "Sammanfogningskonflikt löst [%s]",
    "sync_notification_no_update" : "Ingen uppdatering krävs [%s]",
    "sync_notification_merge_conflict" : "Sammanfogningskonflikt [%s]",
    "sync_notification_rename_complete" : "Namnbyte klart",
    "sync_notification_rename_data_complete" : "Namnbyte klart: %s => %s",
    "sync_notification_move_complete" : "Flyttning klar",
    "sync_notification_move_data_complete" : "Flyttning klar: %s => %s",
    "sync_dir_created" : "Katalogskapande klart: %s",
    "sync_upload_skip" : "Hoppar över överföring av fil på grund av en olöst sammanfogningskonflikt: %s",
    "sync_upload_start" : "Överför fil: %s",
    "sync_upload_complete" : "Filöverföring klar: %s",
    "sync_delete_dir_skip" : "Hoppar över borttagning av fjärrkatalog på grund av en olöst sammanfogningskonflikt: %s",
    "sync_delete_file_skip" : "Hoppar över borttagning av fjärrfil på grund av en olöst sammanfogningskonflikt: %s",
    "sync_delete_dir_complete" : "Katalogborttagning klar: %s",
    "sync_delete_file_complete" : "Filborttagning: %s",
    "sync_delete_localfile_cancel" : "Lokal filborttagning avbröts på grund av avbrottsbegäran.",
    "sync_delete_localfile_skip" : "Hoppar över borttagning av lokal fil på grund av en olöst sammanfogningskonflikt: %s",
    "sync_write_cancel" : "Skrivning av lokal fil avbröts på grund av avbrottsbegäran.",
    "sync_download_complete" : "Filhämtning klar: %s",
    "sync_resolve_cancel" : "Konfliktlösning avbröts på grund av avbrottsbegäran.",
    "sync_resolve_complete" : "Sammanfogningskonflikt löst för %s",
    "sync_resolve_unknown_action" : "Okänd åtgärd %s",
    "sync_sync_upload_skip" : "Hoppar över överföring av filen %s",
    "sync_sync_delete_skip" : "Hoppar över borttagning av filen %s",
    "sync_sync_download_skip" : "Hoppar över hämtning av filen %s",
    "sync_merge_help_1" : "Lös konflikten genom att sammanfoga filerna. När de är sammanfogade byter du namn på %s till %s.",
    "sync_merge_help_2" : "Detta gör att systemet löser konflikten och överför den berörda filen.",
    "sync_merge_help_deleted_remotely_1" : "Du har två alternativ för att lösa konflikten:",
    "sync_merge_help_deleted_remotely_2" : "1) Lös genom borttagning - tar även bort filen lokalt.",
    "sync_merge_help_deleted_remotely_3" : "   Detta kan uppnås genom att byta namn på %s till %s.",
    "sync_merge_help_deleted_remotely_4" : "2) Lös med fjärråtgärd - hämta fjärrfilen.",
    "sync_merge_help_deleted_remotely_5" : "   Detta kan uppnås genom att byta namn på %s till %s.",
    "sync_merge_help_deleted_remotely_6" : "Detta gör att systemet löser konflikten.",
    "sync_merge_help_deleted_locally_1" : "Du har två alternativ för att lösa konflikten:",
    "sync_merge_help_deleted_locally_2" : "1) Lös genom borttagning - tar även bort filen lokalt.",
    "sync_merge_help_deleted_locally_3" : "   Detta kan uppnås genom att byta namn på %s till %s.",
    "sync_merge_help_deleted_locally_4" : "2) Lös med fjärråtgärd - hämta fjärrfilen.",
    "sync_merge_help_deleted_locally_5" : "   Detta kan uppnås genom att byta namn på %s till %s.",
    "sync_merge_help_deleted_locally_6" : "Detta gör att systemet löser konflikten.",
    "sync_conflict_local_deleted_1" : "Manuellt ingripande krävs för %s",
    "sync_conflict_local_deleted_2" : "Filen togs bort lokalt och uppdaterades på fjärrservern. Det går inte att bestämma om den uppdaterade fjärrfilen ska hämtas eller tas bort.",
    "sync_conflict_local_deleted_3" : "Hämtar filen som %s",
    "sync_conflict_remote_deleted_1" : "Manuellt ingripande krävs för %s",
    "sync_conflict_remote_deleted_2" : "Filen togs bort på fjärrenhet och uppdaterades lokalt. Det går inte att bestämma om den uppdaterade filen ska överföras eller tas bort.",
    "sync_conflict_both_1" : "Manuell sammanfogning krävs för %s",
    "sync_conflict_both_2" : "Filen har uppdaterats lokalt och på fjärrservern.",
    "sync_conflict_both_3" : "Hämtar fil som %s",
    "sync_conflict_outstanding" : "Olöst sammanfogningskonflikt för %s",
    "sync_event_add_dir" : "Erkänt katalogskapande: %s",
    "sync_event_add_file" : "Erkänt filskapande: %s",
    "sync_event_delete_dir" : "Erkänd katalogborttagning: %s",
    "sync_event_delete_file" : "Erkänd filborttagning: %s",
    "sync_event_rename_dir" : "Erkänt namnbyte/borttagning av katalog: %s",
    "sync_event_rename_file" : "Erkänt namnbyte/borttagning av fil: %s",
    "sync_event_change_file" : "Erkänd filändring: %s",
    "sync_rename_skip" : "Hoppar över namnbyte på lokal fil på grund av olöst sammanfogningskonflikt: %s",
    "sync_start_watching" : "Bevakar om filer i %s ändras...",

    "sync_report" : "Synkroniseringsrapport:\nTotalt      : %d\nÖverfört   : %d\nHämtat : %d\nBorttaget    : %d / %d (lokalt/fjärr)\nKonflikter  : %d / %d (lösta)\nIngen åtgärd  : %d\nFel     : %d\n",
    "sync_error_happened" : "Fel inträffade under synkronisering!"

}

