{
    "program_title" : "IBM Digital Experience File Sync v%s",
    "program_help_1" : "ยูทิลิตีนี้ซิงโครไนซ์รีซอร์ส WebDAV สำหรับ IBM WebSphere Portal Theme กับโลคัลไดเร็กทอรี",
    "program_help_2" : "สิ่งนี้อนุญาตให้ผู้พัฒนาธีมทำงานกับไฟล์เหล่านั้นแบบโลคัลได้ง่ายขึ้นโดยใช้เอดิเตอร์รายการโปรดของตนเอง",
    "program_help_3" : "ไฟล์จะถูกอัพโหลดไปยังรีโหมดเซิร์ฟเวอร์แบบอัตโนมัติเมื่ออัพโหลดแบบโลคัล",
    "program_help_4" : "ข้อมูลเพิ่มเติมสามารถพบได้ใน readme.txt ที่แนบ\n",
    "program_help_5" : "วิธีใช้คำสั่ง:\ndxsync.sh <options> <command>\n",
    "program_help_6" : "คำสั่งที่พร้อมใช้งาน:",
    "program_help_7" : "init\n    กำหนดค่าเริ่มต้นให้กับธีมภายในโลคัลไดเร็กทอรีปัจจุบัน",
    "program_help_8" : "run\n    รันการซิงโครไนซ์แบบ 2 ทางและทำให้กระบวนการแอ็คทีฟในเบื้องหลังเพื่อดูการเปลี่ยนแปลงไฟล์",
    "program_help_9" : "pull\n    สาเหตุทำให้เกิดการซิงโครไนซ์ทางเดียวเพื่อดาวน์โหลดไฟล์อัพเดตทั้งหมดจากระบบรีโมต",
    "program_help_10" : "push\n    สาเหตุทำให้เกิดการซิงโครไนซ์เพื่ออัพโหลดไฟล์อัพเดตทั้งหมด (การแทนทับการเปลี่ยนแปลงแบบรีโมต) บนระบบรีโมต\n",
    "program_help_11" : "อ็อพชันที่มีอยู่:",
    "program_help_12" : "--debug\n    เปิดใช้งานโหมดดีบักด้วยค่าดีฟอลต์ (ระดับ: ดี เมธอดและไฟล์ทั้งหมด)",
    "program_help_13" : "--debug-finest\n    ตั้งค่าระดับการติดตามเพื่อปรับ\n",
    "log_file_location" : "ล็อกไฟล์จะถูกเขียนลงใน %s/.dxsync.log",
    "log_file_location2" : "ล็อกไฟล์สามารถพบได้ที่นี่: %s",
    "sigint" : "การรบกวนกระบวนการ ลาก่อน",
    "uncaught_exception" : "ข้อยกเว้นที่ไม่สามารถจับได้",
    "unrecognized_command" : "คำสั่งไม่สามารถจดจำได้: %s",
    "unrecognized_option" : "อ็อพชันที่ไม่สามารถจดจำได้: %s",
    "too_many_commands" : "คำสั่งมากเกินไป: %s",
    "setup_1" : "ด้วยคำสั่งนี้ คุณกำลังสร้างจุดการซิงโครไนซ์ใหม่ใน",
    "setup_2" : "ไดเร็กทอรีปัจจุบัน '%s'\n",
    "setup_3" : "โปรดทำตามพร้อมต์เพื่อเชื่อมต่อกับอินสแตนซ์ IBM WebSphere Portal แบบรีโมต",
    "setup_connecting" : "กำลังเชื่อมต่อกับรีโมตเซิร์ฟเวอร์...",
    "setup_themes_found" : "พบธีมต่อไปนี้ โปรดเลือกสิ่งที่คุณต้องการเชื่อมต่อ:",
    "setup_theme_desc" : "ป้อนตัวเลขระหว่าง 1 ถึง %d",
    "list_themes" : "การดึงข้อมูลธีมจาก %s",
    "list_themes_none" : "ไม่พบธีมบนเซิร์ฟเวอร์เป้าหมาย",
    "setup_abort" : "การยกเลิกการเตรียมข้อมูลเบื้องต้น",
    "setup_success1" : "ตั้งค่าการซิงโครไนซ์ธีมเป็นผลสำเร็จ",
    "setup_success2" : "คุกำลังเรียกทำงานการซิงโครไนซ์ด้วยคำสั่ง 'run'",
    "print_config" : "คอนฟิกูเรชัน:",
    "error_loading_config" : "ไม่สามารถโหลดค่าติดตั้ง dxsync ในไดเร็กทอรีนี้ รัน 'dxsync.sh init' เป็นอันดับแรก",
    "error_host" : "ไม่สามารถเชื่อมต่อกับโฮสต์",
    "error_refused" : "การเชื่อมต่อถูกปฏิเสธ",
    "error_not_found" : "ไม่พบไอเท็มที่ร้องขอ",
    "error_unauthorized" : "ไม่มีสิทธิ์ ชื่อผู้ใช้และรหัสผ่านไม่ถูกต้อง",

    "config_section_basic" : "ระดับพื้นฐาน",
    "config_section_advanced" : "ระดับสูง",
    "config_host_desc" : "ชื่อโฮสต์",
    "config_user_desc" : "ชื่อผู้ใช้",
    "config_pass_desc" : "รหัสผ่าน",
    "config_contenthandler_desc" : "พาธไปยังเซิร์ฟเล็ตตัวจัดการเนื้อหา",
    "config_port_desc" : "พอร์ต",
    "config_theme_desc" : "หัวข้อ",
    "config_syncinterval_desc" : "ช่วงเวลาในหน่วยนาทีสำหรับการซิงโครไนซ์แบบแบ็กกราวด์",
    "config_connections_desc" : "จำนวนของการเชื่อมต่อแบบรีโมตแบบพร้อมเพียงกัน",
    "config_filter_desc" : "นิพจน์ปกติเพื่อละเว้นไฟล์",

    "webdav_request_canceled" : "คำร้องขอ WebDAV ถูกรบกวนเนื่องจากยกเลิกคำร้องขอ",
    "webdav_retry_success" : "พบปัญหาที่แก้ไขเป็นผลสำเร็จก่อนหน้านี้สำหรับ '%s' หลังจากที่ลอง %s ครั้ง",
    "webdav_invalid_url" : "URL ไม่ถูกต้อง (%s) - ไม่สามารถค้นหาสกีมา",

    "watcher_restart" : "รีสตาร์ทการซิงค์ธีม! (เปลี่ยนชื่อคำสั่งไม่เป็นผลสำเร็จสำหรับ %s)",
    "watcher_restart2" : "รีสตาร์ทการซิงค์ธีม! (ไม่สามารถค้นหาตัวจัดการตามพาธ #1 ? %s)",
    "watcher_restart3" : "รีสตาร์ทการซิงค์ธีม! (ไม่สามารถค้นหาตัวจัดการตามพาธ #2 ? %s)",
    "watcher_stateexception" : "UnknownStateException:\nพาธ: %s\nwatchedPath: %\nstartDir: %s",
    "watcher_windows_1" : "เนื่องจากข้อจำกัดเกี่ยวกับแพล็ตฟอร์มบน Windows (การจัดการการเปิดไฟล์) ไม่สนับสนุนการลบไดเร็กทอรีขณะที่เฝ้าดูไฟล์",
    "watcher_windows_2" : "เมื่อต้อการลบโฟลเดอร์ขณะที่การเฝ้าดูใช้ระบบปฏิบัติการอื่น เช่น OSX หรือ Linux บน Windows โปรดหยุดการเฝ้าดู ให้ลบโฟลเดอร์ จากนั้นรีสตาร์ทกระบวนการอีกครั้ง\n",
    "watcher_unable_1" : "ไม่สามารถเฝ้าดูไฟล์ได้เนื่องจากโมดูล pathwatcher หายไป ติดตั้งโมดูลจากซอร์สโดยไม่มี --ไม่มีอ็อพชันแฟล็ก",
    "watcher_unable_2" : "โปรดจัดเตรียมผลตอบกลับไปยังผู้เขียนโมดูลนี้เกี่ยวกับการพึ่งพาที่คอมไฟล์ก่อนหน้านี้หายไป",
    "watcher_unable_3" : "ข้อมูลระบบของคุณ: %s (แพล็ตฟอร์ม) / %s (สถาปัตยกรรม)\n",
    "watcher_win_toomany_folders" : "ไม่สามารถเฝ้าดูไดเร็กทอรี '%s' ได้เนื่องจากบักที่ไม่ได้แก้ปัญหาในคอมโพเนนต์ prereq\nโปรดดู https://github.com/atom/node-pathwatcher/issues/70 สำหรับข้อมูลเพิ่มเติม",
    "watcher_win_toomany_folders_start" : "ไม่สามารถเฝ้าดูไดเร็กทอรีต่อไปนี้ได้เนื่องจากบักที่ไม่ได้แก้ปัญหาในคอมโพเนนต์ prereq\nโปรดดู https://github.com/atom/node-pathwatcher/issues/70 สำหรับข้อมูลเพิ่มเติม",
    "watcher_forcewatch_info" : "ถ้าคุณต้องการเฝ้าดูไดเร็กทอรีข้างต้นที่ได้เปรียบกว่า คุณสามารถใช้ค่าติดตั้ง 'forceWatch' เพิ่มอิลิเมนต์ forceWatch ไปยังไฟล์ค่าติดตั้งที่วางอยู่ใน %s ค่าคืออาร์เรย์ของไดเร็กทอรีที่บังคับให้เฝ้าดู ตัวอย่างเช่น: \"forceWatch\": [\"/example/directory\"]",

    "sync_idle" : "เดินเครื่องเปล่า...",
    "sync_background_start" : "กำลังเริ่มต้นการซิงโครไนซ์ครั้งถัดไปใน %d นาที...",
    "sync_background_disabled" : "ปิดใช้งานการซิงโครไนซ์แบบแบ็กกราวด์",
    "sync_invalid_mode" : "ตัวแปรโหมดที่ส่งไม่ถูกต้อง",
    "sync_2way_phase_1" : "การซิงโครไนซ์แบบ 2 ทางเริ่มต้นแล้ว... เฟส 1...",
    "sync_2way_notification" : "การซิงโครไนซ์แบบ 2 ทางเริ่มต้นแล้ว",
    "sync_push_phase_1" : "กำลังอัพโหลดไฟล์ที่อัพเดต... เฟส 1...",
    "sync_push_notification" : "การอัพโหลดไฟล์ที่อัพโหลด",
    "sync_pull_phase_1" : "กำลังดาวน์โหลดไฟล์ที่อัพเดต... เฟส 1...",
    "sync_pull_notification" : "การดาวน์โหลดไฟล์ที่อัพเดต",
    "sync_notification_subtitle" : "โปรดรอก่อนที่ทำการอัพเดตเพิ่มเติม",
    "sync_phase2" : "เฟส 2...",
    "sync_complete" : "การซิงโครไนซ์เสร็จสมบูรณ์แล้ว",
    "sync_complete_subtitle" : "มีความปลอดภัยที่จะทำการเปลี่ยนแปลงไฟล์อีกครั้ง",
    "sync_complete_subtitle2" : "\nกำลังเฝ้าดูไฟล์สำหรับการเปลี่ยนแปลง...",
    "sync_notification_generic_error" : "เกิดข้อผิดพลาด %s ขณะพยายาม %s [%s]",
    "sync_notification_multiple_error" : "เกิดข้อผิดพลาดจำนวนมาก %s ขณะพยายาม %s [%s]",
    "sync_error_command_create" : "สร้าง",
    "sync_error_command_delete" : "ลบ",
    "sync_error_command_update" : "อัพเดต",
    "sync_error_command_move" : "ย้าย",
    "sync_notification_sync_complete" : "การซิงโครไนซ์เสร็จสมบูรณ์แล้ว [%s]",
    "sync_notification_upload_complete" : "อัพโหลดเสร็จสมบูรณ์แล้ว [%s]",
    "sync_notification_upload_error" : "เกิดข้อผิดพลาด %s ขณะอัพโหลด [%s]",
    "sync_notification_download_complete" : "ดาวน์โหลดเสร็จสมบูรณ์แล้ว [%s]",
    "sync_notification_delete_complete" : "ลบเสร็จสมบูรณ์แล้ว [%s]",
    "sync_notification_deletelocal_complete" : "ไฟล์โลคัลที่ลบ [%s]",
    "sync_notification_merge_complete" : "ผสานข้อขัดแย้งที่แก้ปัญหาแล้ว [%s]",
    "sync_notification_no_update" : "ไม่มีอัพเดตที่ต้องการ [%s]",
    "sync_notification_merge_conflict" : "ผสานข้อขัดแย้ง [%s]",
    "sync_notification_rename_complete" : "เปลี่ยนชื่อเสร็จสมบูรณ์แล้ว",
    "sync_notification_rename_data_complete" : "เปลี่ยนชื่อเสร็จสมบูรณ์แล้ว: %s => %s",
    "sync_notification_move_complete" : "ย้ายเสร็จสมบูรณ์แล้ว",
    "sync_notification_move_data_complete" : "ย้ายเสร็จสมบูรณ์แล้ว: %s => %s",
    "sync_dir_created" : "การสร้างไดเร็กทอรีเสร็จสมบูรณ์แล้ว: %s",
    "sync_upload_skip" : "กำลังข้ามไฟล์ที่กำลังอัพโหลดเนื่องจากมีการผสานความขัดแย้งที่คงค้างอยู่: %s",
    "sync_upload_start" : "การอัพโหลดไฟล์: %s",
    "sync_upload_complete" : "อัพโหลดไฟล์เสร็จสมบูรณ์แล้ว: %s",
    "sync_delete_dir_skip" : "กำลังข้ามรีโมตไดเร็กทอรีที่กำลังลบเนื่องจากมีการผสานความขัดแย้งที่คงค้างอยู่: %s",
    "sync_delete_file_skip" : "กำลังข้ามรีโมตไฟล์ที่กำลังลบเนื่องจากมีการผสานความขัดแย้งที่คงค้างอยู่: %s",
    "sync_delete_dir_complete" : "การลบไดเร็กทอรีเสร็จสมบูรณ์แล้ว: %s",
    "sync_delete_file_complete" : "การลบไฟล์เสร็จสมบูรณ์แล้ว: %s",
    "sync_delete_localfile_cancel" : "การลบโลคัลไฟล์ถูกรบกวนเนื่องจากยกเลิกการร้องขอ",
    "sync_delete_localfile_skip" : "กำลังข้ามโลคัลไฟล์ที่กำลังลบเนื่องจากมีการผสานความขัดแย้งที่คงค้างอยู่: %s",
    "sync_write_cancel" : "การเขียนโลคัลไฟล์ถูกรบกวนเนื่องจากยกเลิกคำร้องขอ",
    "sync_download_complete" : "ดาวน์โหลดไฟล์เสร็จสมบูรณ์แล้ว: %s",
    "sync_resolve_cancel" : "แก้ปัญหาข้อขัดแย้งถูกรบกวนเนื่องจากยกเลิกคำร้องขอ",
    "sync_resolve_complete" : "ผสานข้อขัดแย้งที่แก้ไขแล้วสำหรับ %s",
    "sync_resolve_unknown_action" : "แอ็คชันที่ไม่รู้จัก %s",
    "sync_sync_upload_skip" : "การข้ามไฟล์ที่กำลังอัพโหลด %s",
    "sync_sync_delete_skip" : "การข้ามการลบไฟล์ %s",
    "sync_sync_download_skip" : "การข้ามการดาวน์โหลดไฟล์ %s",
    "sync_merge_help_1" : "หากต้องการแก้ปัญหาข้อขัดแย้ง โปรดผสานไฟล์ เมื่อเปลี่ยนชื่อที่ผสานแล้ว '%s' ไปเป็น '%s'",
    "sync_merge_help_2" : "สิ่งนี้จะทำให้ระบบแก้ปัญหาข้อขัดแย้งและอัพโหลดไฟล์ที่แก้ปัญหาได้",
    "sync_merge_help_deleted_remotely_1" : "หากต้องการแก้ปัญหาข้อขัดแย้ง คุณมีสองทางเลือก:",
    "sync_merge_help_deleted_remotely_2" : "1) แก้ปัญหาผ่านการลบ - ลบไฟล์แบบโลคัลด้วยเช่นกัน",
    "sync_merge_help_deleted_remotely_3" : "   สิ่งนี้สามารถบรรลุให้สำเร็จได้โดยเปลี่ยนชื่อ '%s' ไปเป็น '%s'",
    "sync_merge_help_deleted_remotely_4" : "2) แก้ปัญหาด้วยรีโมต - ดาวน์โหลดรีโมตไฟล์",
    "sync_merge_help_deleted_remotely_5" : "   สิ่งนี้สามารถบรรลุให้สำเร็จได้โดยเปลี่ยนชื่อ '%s' ไปเป็น '%s'",
    "sync_merge_help_deleted_remotely_6" : "สิ่งนี้อาจเป็นสาเหตุทำให้ระบบแก้ปัญหาข้อขัดแย้ง",
    "sync_merge_help_deleted_locally_1" : "หากต้องการแก้ปัญหาข้อขัดแย้ง คุณมีสองทางเลือก:",
    "sync_merge_help_deleted_locally_2" : "1) แก้ปัญหาผ่านการลบ - ลบไฟล์แบบโลคัลด้วยเช่นกัน",
    "sync_merge_help_deleted_locally_3" : "   สิ่งนี้สามารถบรรลุให้สำเร็จได้โดยเปลี่ยนชื่อ '%s' ไปเป็น '%s'",
    "sync_merge_help_deleted_locally_4" : "2) แก้ปัญหาด้วยรีโมต - ดาวน์โหลดรีโมตไฟล์",
    "sync_merge_help_deleted_locally_5" : "   สิ่งนี้สามารถบรรลุให้สำเร็จได้โดยเปลี่ยนชื่อ '%s' ไปเป็น '%s'",
    "sync_merge_help_deleted_locally_6" : "สิ่งนี้อาจเป็นสาเหตุทำให้ระบบแก้ปัญหาข้อขัดแย้ง",
    "sync_conflict_local_deleted_1" : "การแทรกแซงต้องการ %s",
    "sync_conflict_local_deleted_2" : "ไฟล์ถูกลบแบบโลคัลและอัพเดตบนรีโมตเซิร์ฟเวอร์ ไม่สามารถกำหนดว่าให้ดาวน์โหลดรีโมตไฟล์ที่อัพเดตหรือลบทิ้ง",
    "sync_conflict_local_deleted_3" : "การดาวน์โหลดไฟล์เป็น %s",
    "sync_conflict_remote_deleted_1" : "การแทรกแซงต้องการ %s",
    "sync_conflict_remote_deleted_2" : "ไฟล์ถูกลบทิ้งแบบรีโมตและอัพเดตแบบโลคัล ไม่สามารถกำหนดว่าให้อัพโหลดไฟล์ที่อัพเดตหรือลบทิ้ง",
    "sync_conflict_both_1" : "การผสานแบบแมนวลต้องการ %s",
    "sync_conflict_both_2" : "ไฟล์ถูกอัพเดตแบบโลคัลและบนรีโมตเซิร์ฟเวอร์",
    "sync_conflict_both_3" : "การดาวน์โหลดไฟล์ %s",
    "sync_conflict_outstanding" : "การผสานข้อขัดแย้งที่คงค้างอยู่สำหรับ %s",
    "sync_event_add_dir" : "การสร้างไดเร็กทอรีที่จดจำ: %s",
    "sync_event_add_file" : "การสร้างไฟล์ที่จดจำ: %s",
    "sync_event_delete_dir" : "การลบไดเร็กทอรีที่จดจำ: %s",
    "sync_event_delete_file" : "การลบไฟล์ที่จดจำ: %s",
    "sync_event_rename_dir" : "เปลี่ยนชื่อ/ย้ายไดเร็กทอรีที่จดจำ: %s",
    "sync_event_rename_file" : "เปลี่ยนชื่อ/ย้ายไฟล์ที่จดจำ: %s",
    "sync_event_change_file" : "การเปลี่ยนไฟล์ที่จดจำ: %s",
    "sync_rename_skip" : "การข้ามโลคัลไฟล์ที่กำลังเปลี่ยนชื่อเนื่องจากการผสานข้อขัดแย้งที่คงค้างอยู่: %s",
    "sync_start_watching" : "การเฝ้าดูไฟล์ใน '%s' สำหรับการเปลี่ยนแปลง...",

    "sync_report" : "รายงานการซิงโครไนซ์:\nทั้งหมด      : %d\nอัพโหลด   : %d\nดาวน์โหลด : %d\nลบ    : %d / %d (โลคัล/รีโมต)\nข้อขัดแย้ง  : %d / %d (แก้ปัญหา)\nไม่มีแอ็คชัน  : %d\nข้อผิดพลาด     : %d\n",
    "sync_error_happened" : "เกิดข้อผิดพลาดในระหว่างการซิงโครไนซ์!"

}

